Listagem de defeito;;;
 ;;;
Descriçăo defeito = 'JANEL?O DO CONDUTOR (ANTI COVID)';;;
Grupo serviço;;Defeito;
Código;Descriçăo grupo;Código;Descriçăo defeito
32;MANUTENCAO;1;MOTOR-(PARADO)
31;ATENDIMENTO 0800;1;ATENDIMENTO 0800
30;LAVADOR;1;LAVAGEM GERAL
29;CONCESSIONARIA;4;REVISĂO GARANTIA CAIO
29;CONCESSIONARIA;1;REVISAO GARANTIA MARCOPOLO
29;CONCESSIONARIA;3;REVISAO GARANTIA TRACBEL
29;CONCESSIONARIA;2;REVISAO GARANTIA REZENDE
27;LIMPEZA INTERNA;1;ORGANICAO SETOR
25;CAMPANHAS EUCATUR;40;ECOCLEAN
25;CAMPANHAS EUCATUR;39;MANG. SUCCAO COMPRESSOR DE AR
25;CAMPANHAS EUCATUR;35;DIALISE DE SISTEMA DE AR COMPRIMIDO
25;CAMPANHAS EUCATUR;31;ATUALIZACAO SOFTWARE MID 128
25;CAMPANHAS EUCATUR;30;TROCA DO FUSIVEL 25 AMP TCO
25;CAMPANHAS EUCATUR;29;VERIFICACAO MOLAS CABECOTE B11
25;CAMPANHAS EUCATUR;28;CAMPANHA S9342
25;CAMPANHAS EUCATUR;19;CAMPANHA VOLVO
25;CAMPANHAS EUCATUR;33;CAMPANHA AR CONDICIONADO
25;CAMPANHAS EUCATUR;24;CAMPANHA S9398
25;CAMPANHAS EUCATUR;23;CAMPANHA S9389
25;CAMPANHAS EUCATUR;14;VERIFICACAO SENSOR PEDAL EMBREAGEM
25;CAMPANHAS EUCATUR;41;VERIF. FIXACAO CHICOTE CX CAMBIO
25;CAMPANHAS EUCATUR;38;CAMPANHA VERIFICACAO ALOJ. DE  FREIO
25;CAMPANHAS EUCATUR;32;LIMP. SERPENTINA COMP. AR O500 EURO V
25;CAMPANHAS EUCATUR;22;CAMPANHA S9402
25;CAMPANHAS EUCATUR;21;CAMPANHA S9404
25;CAMPANHAS EUCATUR;44;GARANTIA BUSCAR
25;CAMPANHAS EUCATUR;34;REVISAO DE ENTREGA
25;CAMPANHAS EUCATUR;27;CAMPANHA S9419
25;CAMPANHAS EUCATUR;17;LIMPEZA CATALIZADOR O500 EURO V
25;CAMPANHAS EUCATUR;45;CANO MESTRE BOMBA OLEO
25;CAMPANHAS EUCATUR;43;RECALL SUPT APOIADOR PENAS (BUSCAR)
25;CAMPANHAS EUCATUR;42;INSPEÇĂO CUBO BLINDADO
25;CAMPANHAS EUCATUR;26;CAMPANHA S9414
25;CAMPANHAS EUCATUR;16;TROCA TUBO LUBRIFICACAO
25;CAMPANHAS EUCATUR;15;VERIFICACAO PINO PISTAO
25;CAMPANHAS EUCATUR;37;CAMPANHA VERIF. MANCAIS E BIELA MT O500 EURO V
25;CAMPANHAS EUCATUR;20;BICOS INJETORES O500 EURO V
25;CAMPANHAS EUCATUR;18;TROCA TUBO ESCAPAMENTO E SUPORTE
25;CAMPANHAS EUCATUR;9;TESTAR DRENO FILTRO RACOR
25;CAMPANHAS EUCATUR;8;TAMPA FILTRO RACOR (APLICAR)
25;CAMPANHAS EUCATUR;11;VERIFICAR NIVEL OLEO CAIXA CAMBIO
25;CAMPANHAS EUCATUR;10;TESTAR FREIO MOTOR (VCADS)
25;CAMPANHAS EUCATUR;12;CONFERIR OLEO DA CAIXA
25;CAMPANHAS EUCATUR;36;CAMPANHA INFILTRACAO AGUA
25;CAMPANHAS EUCATUR;25;CAMPANHA S9390
25;CAMPANHAS EUCATUR;13;VERIFICACAO FREIO VEB
25;CAMPANHAS EUCATUR;7;QUEBRA DO TUBO INTERCOOLER
25;CAMPANHAS EUCATUR;6;QUEBRA DO SANFONADO
25;CAMPANHAS EUCATUR;5;QUEBRA CAPA SECA
25;CAMPANHAS EUCATUR;4;ATUALIZACAO
25;CAMPANHAS EUCATUR;3;ATRITO FLEX. HIDRAULICO COM CHASSI
25;CAMPANHAS EUCATUR;2;QUEBRA VALV. DESUMIFICADORA
25;CAMPANHAS EUCATUR;1;VAZAMENTO ÓLEO  CHIC. MOTOR
24;VISTORIA;49;XXX
24;VISTORIA;47;XXX
24;VISTORIA;44;XXX
24;VISTORIA;33;XXX
24;VISTORIA;32;XXX
24;VISTORIA;30;XXX
24;VISTORIA;26;XXX
24;VISTORIA;24;XXX
24;VISTORIA;66;XXX
24;VISTORIA;64;XXX
24;VISTORIA;62;XXX
24;VISTORIA;60;XXX
24;VISTORIA;59;XXX
24;VISTORIA;58;XXX
24;VISTORIA;57;XXX
24;VISTORIA;56;XXX
24;VISTORIA;55;XXX
24;VISTORIA;52;XXX
24;VISTORIA;50;XXX
24;VISTORIA;48;XXX
24;VISTORIA;46;XXX
24;VISTORIA;45;XXX
24;VISTORIA;38;XXX
24;VISTORIA;37;XXX
24;VISTORIA;36;XXX
24;VISTORIA;67;XXX
24;VISTORIA;65;XXX
24;VISTORIA;63;XXX
24;VISTORIA;61;XXX
24;VISTORIA;54;XXX
24;VISTORIA;53;XXX
24;VISTORIA;51;XXX
24;VISTORIA;43;XXX
24;VISTORIA;42;XXX
24;VISTORIA;41;XXX
24;VISTORIA;40;XXX
24;VISTORIA;39;XXX
24;VISTORIA;25;XXX
24;VISTORIA;35;XXX
24;VISTORIA;34;XXX
24;VISTORIA;31;XXX
24;VISTORIA;29;XXX
24;VISTORIA;28;XXX
24;VISTORIA;27;XXX
24;VISTORIA;1;XXX
23;OPERACIONAL;1;MODO EM MANUTENCAO
22;ACIDENTE;9;PRINCIPIO INCENDIO
22;ACIDENTE;8;QAC.ATO VANDALISMO ROD
22;ACIDENTE;2;QAC-VITIMAS LESOES
22;ACIDENTE;1;QAC-DANOS MATERIAS
22;ACIDENTE;7;QAC-AVARIA
22;ACIDENTE;5;QAC-AO MANOBRA BATEU OBSTAC.
22;ACIDENTE;3;QAC-VITIMA FATAL
22;ACIDENTE;6;ATOLADO
22;ACIDENTE;4;QAC-VIDROS QUEB
19;INSPECOES;3;REVISAO GERAL MANUTENCAO
19;INSPECOES;2;CHECK LIST (EMPRESA PARCEIRA)
19;INSPECOES;1;ESPELHO DE CHEGADA (VERIFICAR)
18;CARROCERIA;138;REVISAO GARANTIA MARCOPOLO
18;CARROCERIA;7;PARACHOQUE QUEBRADO
18;CARROCERIA;3;SANFONA RASGADA
18;CARROCERIA;137;REVISĂO DE CARROCERIA
18;CARROCERIA;5;PORTINHOLA  COM DEFEITO
18;CARROCERIA;12;BAGAGEIRO QUEBRADO
18;CARROCERIA;10;VALVULA TOALHETE COM DESGASTE
18;CARROCERIA;8;SANFONA RASGADA
18;CARROCERIA;6;INFILTRACAO DE AGUA
18;CARROCERIA;4;PORTA DESRREGULADA
18;CARROCERIA;2;PORTA SALAO COM DEFEITO
18;CARROCERIA;14;DIAGNOSTICO
18;CARROCERIA;11;BANHEIRO ENTUPIDO
18;CARROCERIA;9;LIMPADOR PARABRISA COM DEFEITO
18;CARROCERIA;13;DEFEITO NAO ENCONTRADO
18;CARROCERIA;1;BALAUSTRE REAPERTO
17;DIRECAO / EIXO DIANTEIRO;52;VOLANTE 
17;DIRECAO / EIXO DIANTEIRO;50;FILTRO HIDRAULICO
17;DIRECAO / EIXO DIANTEIRO;49;MANGUEIRA HIDRAULICO
17;DIRECAO / EIXO DIANTEIRO;48;TAMPA RESERVATORIO HIDRAULICO
17;DIRECAO / EIXO DIANTEIRO;47;EIXO DIANTEIRO ( BUCHAS E ROLAMENTOS) 
17;DIRECAO / EIXO DIANTEIRO;46;BRACO INTERMEDIARIO / BRACO PITMAN 
17;DIRECAO / EIXO DIANTEIRO;45;CANO/FLEXIVEL HIDRAULICO 
17;DIRECAO / EIXO DIANTEIRO;44;TERMINAL DIRECAO L/E
17;DIRECAO / EIXO DIANTEIRO;43;TERMINAL DIRECAO L/D
17;DIRECAO / EIXO DIANTEIRO;42;BARRA DIRECAO INTERMEDIARIA LONGA
17;DIRECAO / EIXO DIANTEIRO;41;BARRA DIRECAO INTERMEDIARIA RETA 
17;DIRECAO / EIXO DIANTEIRO;40;BARRA DIRECAO INTERMEDIARIA CURVA
17;DIRECAO / EIXO DIANTEIRO;39;EIXO DIANTEIRO 
17;DIRECAO / EIXO DIANTEIRO;38;RESERVATORIO DIRECAO HIDRAULICA
17;DIRECAO / EIXO DIANTEIRO;37;BRACO INTERMEDIARIO 
17;DIRECAO / EIXO DIANTEIRO;36;COLUNA DIRECAO 
17;DIRECAO / EIXO DIANTEIRO;35;CANO HIDRAULICO 
17;DIRECAO / EIXO DIANTEIRO;34;FLEXIVEL BOMBA HIDRAULICA
17;DIRECAO / EIXO DIANTEIRO;33;BARRA DIRECAO INTERMEDIARIA
17;DIRECAO / EIXO DIANTEIRO;32;PARAFUSO SUPERIOR SETOR DIRECAO 
17;DIRECAO / EIXO DIANTEIRO;51;DIRECAO VIBRANDO
17;DIRECAO / EIXO DIANTEIRO;31;SUPORTE VENTUINA
17;DIRECAO / EIXO DIANTEIRO;30;FLEXIVEL HIDRAULICO GRANDE 
17;DIRECAO / EIXO DIANTEIRO;29;FLEXIVEL HIDRAULICO MEDIO 
17;DIRECAO / EIXO DIANTEIRO;28;FLEXIVEL HIDRAULICO PEQUENO 
17;DIRECAO / EIXO DIANTEIRO;27;RADIADOR OLEO HIDRAULICO
17;DIRECAO / EIXO DIANTEIRO;26;OLEO HIDRAULICO
17;DIRECAO / EIXO DIANTEIRO;25;ALTO CONSUMO OLEO HIDRAULICO
17;DIRECAO / EIXO DIANTEIRO;13;PUXANDO PARA DIREITA
17;DIRECAO / EIXO DIANTEIRO;10;ESCAMOTIADOR DA DIRECAO
17;DIRECAO / EIXO DIANTEIRO;7;VAZAMENTO OLEO HIDRAULICO
17;DIRECAO / EIXO DIANTEIRO;6;TERMINAL BARRA DIRECAO BATENDO
17;DIRECAO / EIXO DIANTEIRO;5;PARAFUSO BRACO DIRECAO SOLTO
17;DIRECAO / EIXO DIANTEIRO;4;ALINHAR O VOLANTE
17;DIRECAO / EIXO DIANTEIRO;3;BOMBA HIDRAULICA COM VAZAMENTO
17;DIRECAO / EIXO DIANTEIRO;1;AMORTECEDOR DIRECAO BATENDO
17;DIRECAO / EIXO DIANTEIRO;21;MANGA EIXO DIANT QUEB
17;DIRECAO / EIXO DIANTEIRO;19;PINO MANGA EIXO DD
17;DIRECAO / EIXO DIANTEIRO;16;DIRECAO
17;DIRECAO / EIXO DIANTEIRO;2;BARRA ESTABILIZADORA BATENDO
17;DIRECAO / EIXO DIANTEIRO;18;DIAGNOSTICO
17;DIRECAO / EIXO DIANTEIRO;14;MANGA EIXO DIANTEIRA FOLG
17;DIRECAO / EIXO DIANTEIRO;11;PUXANDO PARA A ESQUERDA
17;DIRECAO / EIXO DIANTEIRO;8;VOLANTE COM FOLGA
17;DIRECAO / EIXO DIANTEIRO;24;BARRA CURTA DIRECAO
17;DIRECAO / EIXO DIANTEIRO;23;CABO REGULADOR VOLANTE QUEB
17;DIRECAO / EIXO DIANTEIRO;17;DEFEITO NAO ENCONTRADO
17;DIRECAO / EIXO DIANTEIRO;22;SETOR DIREÇĂO C/FOLGA
17;DIRECAO / EIXO DIANTEIRO;9;VOLANTE DIRECAO
17;DIRECAO / EIXO DIANTEIRO;20;PINO MANGA EIXO DE
17;DIRECAO / EIXO DIANTEIRO;15;JUNTA UNIVERSAL VOLANTE
17;DIRECAO / EIXO DIANTEIRO;12;BARRA DE DIRECAO
16;HIGIENIZACAO;5;LIMPEZA OFICINA
16;HIGIENIZACAO;6;LAVAGEM EXTERNA
16;HIGIENIZACAO;4;LAVAGEM INTERNA
16;HIGIENIZACAO;3;ARIAMENTO GERAL
16;HIGIENIZACAO;2;GELADEIRA COM MAU CHEIRO
16;HIGIENIZACAO;1;LIMPEZA DIARIA
15;BORRACHARIA;35;CHAVE RODA -(RODOVIARIO)
15;BORRACHARIA;31;PNEUS DE ESCORA (NĂO LIBERAR)
15;BORRACHARIA;34;PNEU REBOQUE
15;BORRACHARIA;33;PNEU TRASEIRO
15;BORRACHARIA;32;PNEU DIANTEIRO 
15;BORRACHARIA;30;REV RAMPA BASICA
15;BORRACHARIA;29;DEFEITO NAO ENCONTRADO
15;BORRACHARIA;28;DIAGNOSTICO
15;BORRACHARIA;23;PNEU PARAF PENETRADO
15;BORRACHARIA;22;PNEU C/SUPER AQUECIMENTO
15;BORRACHARIA;21;PNEU CORTADO
15;BORRACHARIA;20;PNEU BAIXO
15;BORRACHARIA;18;PNEU LISO
15;BORRACHARIA;13;DESBALANCEADO
15;BORRACHARIA;10;CAMBER FORA DOS PARAMENTROS
15;BORRACHARIA;9;DESALINHADO
15;BORRACHARIA;8;BAIXA PRESSAO DOS PNEUS
15;BORRACHARIA;7;ALTA PRESSAO NOS PNEUS
15;BORRACHARIA;6;FALHA COMPRESSOR DE AR - EXCESSO DE PRESSAO
15;BORRACHARIA;5;FALHA COMPRESSOR DE AR- NAO CARREGA
15;BORRACHARIA;4;PNEU FURADO
15;BORRACHARIA;3;RODA OXIDADA OU TRINCADA
15;BORRACHARIA;2;PNEU TRAS
15;BORRACHARIA;27;PNEU C/PEDRA PRESA
15;BORRACHARIA;14;SISTEMA DO RODOAR
15;BORRACHARIA;19;PNEU ESTOURADO
15;BORRACHARIA;17;PNEUS
15;BORRACHARIA;26;PNEU C/BOLHAS
15;BORRACHARIA;11;PNEU FURADO
15;BORRACHARIA;1;PNEU DIANT
15;BORRACHARIA;25;RODA
15;BORRACHARIA;24;RECAPAGEM SOLTA
15;BORRACHARIA;16;PINTURA RODA
15;BORRACHARIA;15;RELOGIO CALIBRADOR AUTOMATICO
15;BORRACHARIA;12;RELOGIO CALIBRADOR  NAO FUNCIONA
13;RECUPERACAO;1;SERVIÇO DE TORNO
13;RECUPERACAO;2;RECUPERACAO PECAS
12;PINTURA;1;POLIMENTO
11;TAPECARIA;7;FALTA CINTO SEGURANCA
11;TAPECARIA;11;POLTRONA CABINE MOTORISTA
11;TAPECARIA;10;JOGO POLTRONAS
11;TAPECARIA;9;CORTINA DA CABINE MOTORISTA
11;TAPECARIA;8;JOGO DE CORTINAS
11;TAPECARIA;4;BRACO POLTRONA QUEBRADO
11;TAPECARIA;3;TRAVA ENCOSTO DA POLTRONA QUEBRADO
11;TAPECARIA;6;TRAVA CINTO QUEBRADO
11;TAPECARIA;5;DESCANSO PERNA QUEBRADO
11;TAPECARIA;2;POLTRONA DESRREGULADA
11;TAPECARIA;1;POLTRONA QUEBRADA
10;CHAPEACAO;237;CORDA CORTINAS 
10;CHAPEACAO;236;PIA TOALETE
10;CHAPEACAO;240;FABRICACAO COMPONENTE
10;CHAPEACAO;238;SUPORTE DA COIFA
10;CHAPEACAO;235;CONEXAO AR CURVA 1/8 CHAVE PORTA / PISTAO 
10;CHAPEACAO;234;AUTOMATICO PORTA 
10;CHAPEACAO;233;CHAVE AR PORTA GRAN VIALE
10;CHAPEACAO;108;AMORTECEDOR TAMPA TRASEIRA
10;CHAPEACAO;223;SUPORTE MOTOR
10;CHAPEACAO;232;VALVULA ELETRO PNEUMATICA DAS PORTAS 
10;CHAPEACAO;231;VALVULA AR ACIONAMENTO ELEVADOR 
10;CHAPEACAO;230;CONEXAO CURVA 6MM PISTĂO ELEVADOR CADEIRANTE 
10;CHAPEACAO;229;CHAVE PORTA TORINO 
10;CHAPEACAO;228;CHAVE PORTA CITIMAX 
10;CHAPEACAO;227;REPARO PISTAO PORTA 
10;CHAPEACAO;226;CONEXAO AR RETA METAL 1/4 
10;CHAPEACAO;225;CONEXAO AR CURVA METAL 1/4 
10;CHAPEACAO;224;CONEXAO AR T METAL 1/4 
10;CHAPEACAO;222;RESEVATORIO DEJETOS
10;CHAPEACAO;221;BORRACHA PORTA TOALETE
10;CHAPEACAO;220;PARABRISA SUPERIOR
10;CHAPEACAO;219;VOLANTE MACARRAO ENCAPAR
10;CHAPEACAO;216;BOMBA BIO BUSS
10;CHAPEACAO;209;PORTA DOCUMENTO
10;CHAPEACAO;207;PAINEL SOLTO
10;CHAPEACAO;205;ENCOSTO CADEIRANTE RASGADO
10;CHAPEACAO;213;CAIXA DE FUSIVEIS QUEB/SOLTA
10;CHAPEACAO;218;REV RAMPA BASICA
10;CHAPEACAO;208;SANFONA
10;CHAPEACAO;217;REVISAO GERAL CHAPEACAO
10;CHAPEACAO;214;CALHA DE AGUA
10;CHAPEACAO;211;JANELĂO DO CONDUTOR (ANTI COVID)
10;CHAPEACAO;215;CAIXA DE DETRITOS
10;CHAPEACAO;212;TAMPA ASSOALHO CX CAMBIO
10;CHAPEACAO;210;VAZ DE AR PORTAS
10;CHAPEACAO;203;BORRACHA ACABAMENTO DA PORTA
10;CHAPEACAO;198;CORTINAS
10;CHAPEACAO;194;CARROCERIA
10;CHAPEACAO;195;PISTAO PORTA GELADEIRA
10;CHAPEACAO;204;SUPORTE RESEVATORIO
10;CHAPEACAO;202;CADEIRA MOTORISTA QUEB
10;CHAPEACAO;200;TAMPA GELADEIRA
10;CHAPEACAO;197;SERVIÇOS EXTERNOS
10;CHAPEACAO;196;PUXADOR GELADEIRA
10;CHAPEACAO;201;CAIXA DE FERRAMENTAS
10;CHAPEACAO;193;CAIXA DA BATERIA QUEB
10;CHAPEACAO;206;PORTA SOLTA
10;CHAPEACAO;157;TRAVESSA DO CHASSI QUEB
10;CHAPEACAO;151;RETORNO DAS PORTAS VAZ AR
10;CHAPEACAO;144;CALEFACAO 
10;CHAPEACAO;106;PASSA RODA L/E
10;CHAPEACAO;105;PASSA RODA L/D
10;CHAPEACAO;104;COFRE COBRADOR SOLTO
10;CHAPEACAO;102;JANELAS SALAO SOLTA
10;CHAPEACAO;81;CALHA FIAÇAO PX VENTAROLA SOLTO
10;CHAPEACAO;80;SENSOR PORTAS ACIONANDO
10;CHAPEACAO;79;GUIA SANFORNA QUEB
10;CHAPEACAO;78;INFILTRANDO AGUA
10;CHAPEACAO;74;COL FERRO APOIO PE COB
10;CHAPEACAO;71;FRISO LATERAL
10;CHAPEACAO;66;BRACO RETROV LD QUEB
10;CHAPEACAO;65;PARAF MANETE PORTA QUEB
10;CHAPEACAO;50;TETO
10;CHAPEACAO;49;TERMINAL ARVORE PORTA
10;CHAPEACAO;48;BORRACHA DE VEDACAO PA TRASEIRA
10;CHAPEACAO;37;EIXO LIMPADOR PARABRISA
10;CHAPEACAO;32;MANGUEIRA DE EVAC. SANITÁTIO
10;CHAPEACAO;31;TOALETE
10;CHAPEACAO;29;GRADE AR CONDICIONADO
10;CHAPEACAO;22;ESTRUTURA PAINEL
10;CHAPEACAO;19;RETROVISORES
10;CHAPEACAO;15;BATIDA LATERAL
10;CHAPEACAO;8;PORTA COPOS
10;CHAPEACAO;4;PARABRISA
10;CHAPEACAO;1;FACAO DO TOALETE
10;CHAPEACAO;199;MANGUEIRA AR BAGAGEIRO
10;CHAPEACAO;188;CORTINAS SALAO
10;CHAPEACAO;187;PASSADOR CORTINA
10;CHAPEACAO;186;SUPORTE APARELHO DVD
10;CHAPEACAO;185;PORTA FOCO
10;CHAPEACAO;184;XXX
10;CHAPEACAO;183;ESCADA DE ACESSO
10;CHAPEACAO;180;VENTAROLA MOTORISTA QUEB
10;CHAPEACAO;179;TORNEIRA TOALETE
10;CHAPEACAO;178;ACABAMENTO PORTA TOALETE
10;CHAPEACAO;176;PORTA SANITARIO
10;CHAPEACAO;175;TOMADA AR CABINE MOTORISTA
10;CHAPEACAO;174;TRINCO PORTA ACESSO
10;CHAPEACAO;173;ACABAMENTO PORTA ACESSO
10;CHAPEACAO;171;DOBRADICA BAGAGEIRO
10;CHAPEACAO;170;TRINCO BAGAGEIRO
10;CHAPEACAO;169;TOMADA DE AR PORTA FOCO
10;CHAPEACAO;168;KIT CADEIRANTE
10;CHAPEACAO;167;VALVULAS SANITARIO
10;CHAPEACAO;166;CONEXOES SISTEMA BIO BUS
10;CHAPEACAO;164;TRAZEIRA E CUPULA DO ESCAPAMENTO AVARIADO
10;CHAPEACAO;163;CANTO DO FAROL
10;CHAPEACAO;161;TAMPA CX PISTĂO
10;CHAPEACAO;160;VIDRO PORTA QUEB
10;CHAPEACAO;156;PORTINHOLA TANQUE DIESEL
10;CHAPEACAO;153;VIDRO JANELA QUEBRADO
10;CHAPEACAO;152;TAMPA DO MOTOR
10;CHAPEACAO;150;TAMPĂO TRASEIRO SOLTO
10;CHAPEACAO;149;REVISĂO CAD MOT E COB
10;CHAPEACAO;148;LAMEIRAS SOLTAS BATENDO
10;CHAPEACAO;146;FECHADURA TAMPA CXA FUSIVEL
10;CHAPEACAO;143;ESPELHO RETROV LE QUEB
10;CHAPEACAO;142;ESPELHO RETROV LD QUEB
10;CHAPEACAO;141;BRACO RETROV LE QUEB
10;CHAPEACAO;140;JANELA SALAO QUEB
10;CHAPEACAO;132;FORRO LATERAL
10;CHAPEACAO;131;BALAUSTRE DO SALAO
10;CHAPEACAO;126;TRAVA CAPO
10;CHAPEACAO;100;BRACO DA POLTRONA
10;CHAPEACAO;99;SUPORTE APOIADOR DE PERNAS
10;CHAPEACAO;91;CHAPA PROT.MOTOR/CAIXA  SOLTO
10;CHAPEACAO;89;POLTRONA MOTORISTA
10;CHAPEACAO;88;DESCARGA SOLTA
10;CHAPEACAO;86;TAMPA ITINERARIO SOLTA
10;CHAPEACAO;85;ASSOALHO SOLTO
10;CHAPEACAO;83;PARABRISA LE QUEB
10;CHAPEACAO;82;PARABRISA LD QUEB
10;CHAPEACAO;77;CORREMAO SALAO SOLTO
10;CHAPEACAO;76;5 RODA ASSOALHO SOLTA
10;CHAPEACAO;73;CADEIRA SALAO QUEB
10;CHAPEACAO;70;ESCAPAMENTO SOLTO
10;CHAPEACAO;62;MANGUEIRA DO ELEVADOR FURADA
10;CHAPEACAO;60;MANGUEIRA PORTA TRAZ FURADA
10;CHAPEACAO;57;PORTA CENTRAL C/ DEFEITO
10;CHAPEACAO;41;PORTINHOLA DO BAGAGEIRO
10;CHAPEACAO;35;CONEXOES AR DA PORTA
10;CHAPEACAO;26;PALHETAS LIMPADOR PARABRISA
10;CHAPEACAO;9;PORTA REVISTAS
10;CHAPEACAO;7;VIDRO JANELA
10;CHAPEACAO;2;POLTRONAS
10;CHAPEACAO;133;TARJETA
10;CHAPEACAO;129;PEGA MAO PORT EMB E DES
10;CHAPEACAO;124;POSICAO DO VALIDADOR
10;CHAPEACAO;123;TAMPA LAT BATERIA SOLTA
10;CHAPEACAO;67;VIDRO ITINERARIO SOLTO
10;CHAPEACAO;61;MANGUEIRA PORTA CENTRAL FURADA
10;CHAPEACAO;56;PORTA DIANT C/ DEFEITO
10;CHAPEACAO;54;TRAVA DA 5A RODA C/ DEFEITO
10;CHAPEACAO;51;RESERVATORIO AGUA LIMPADOR
10;CHAPEACAO;47;GRADE DIANTEIRA
10;CHAPEACAO;46;LIMPADOR DE PARABRISA
10;CHAPEACAO;42;REFORMA INTERNA
10;CHAPEACAO;40;ESTRUTUTA LATERAL
10;CHAPEACAO;39;ESTRUTURA FRONTAL
10;CHAPEACAO;27;PINTURA
10;CHAPEACAO;25;PROTECAO DEGRAUS
10;CHAPEACAO;24;MANOPLA ALAVANCA DE CAMBIO
10;CHAPEACAO;23;COIFA ALAVANCA CÂMBIO RASGADA
10;CHAPEACAO;16;BATIDA TRASEIRA
10;CHAPEACAO;14;BATIDA FRONTAL
10;CHAPEACAO;13;CINTO DE SEGURANÇA
10;CHAPEACAO;12;QUEBRA SOL CABINE MOT.
10;CHAPEACAO;11;PARACHOQUE TRASEIRO
10;CHAPEACAO;6;ESCAPAMENTO
10;CHAPEACAO;192;VENTAROLAS
10;CHAPEACAO;191;LETREIRO MP
10;CHAPEACAO;190;ADESIVOS CARROCERIA
10;CHAPEACAO;189;PORTINHOLAS CARROCERIA
10;CHAPEACAO;182;ACABAMENTOS LUMINARIAS
10;CHAPEACAO;181;CATRACA PASSAGEIRO (URBANO)
10;CHAPEACAO;177;EXAUSTOR TOALETE
10;CHAPEACAO;172;KIT MARTELO EMERGENCIA
10;CHAPEACAO;165;EMBLEMA MP AVARIADO
10;CHAPEACAO;162;CANTO TRAZ BATIDO
10;CHAPEACAO;159;PASSARODA
10;CHAPEACAO;158;ENGATE DO CINTO QUEB
10;CHAPEACAO;139;5 RODA C/PROBLEMA
10;CHAPEACAO;138;CALHAS DAS LAMPADAS SALAO
10;CHAPEACAO;137;AVARIA NA CARROCERIA
10;CHAPEACAO;135;LACRE DA PLACA
10;CHAPEACAO;134;PLACAS
10;CHAPEACAO;130;PUXADORES JANELA
10;CHAPEACAO;97;SABONETEIRA TOALHETE
10;CHAPEACAO;96;EXTINTORES
10;CHAPEACAO;95;LIXEIRA
10;CHAPEACAO;72;BORRACHA VEDACAO CAPU SOLTA
10;CHAPEACAO;69;ALCAPAO TETO SOLTO
10;CHAPEACAO;68;VIDRO VENTAROLA QUEB
10;CHAPEACAO;52;FECHADURA DO TOALETE
10;CHAPEACAO;45;PARALAMAS
10;CHAPEACAO;44;TAMPA CENTRAL ELETRICA
10;CHAPEACAO;34;PONTEIRA DO PARACHOQUE TRAS
10;CHAPEACAO;30;PONTEIRA DO PARACCHOQUE DIANT
10;CHAPEACAO;18;PORTA CHAPEU
10;CHAPEACAO;20;VIDRO DO ITINERARIO QUEBRADO
10;CHAPEACAO;17;ASSOALHO
10;CHAPEACAO;155;REVISAO BATIDA
10;CHAPEACAO;154;VIDRO VENTAROLA QUEB
10;CHAPEACAO;147;TAMPA ASSOALHO ARTICULADO
10;CHAPEACAO;145;VALVULA RESERVATORIO BIO BUS
10;CHAPEACAO;128;GAVETA DO COB
10;CHAPEACAO;127;BALAUSTRE DO VALIDADOR
10;CHAPEACAO;125;TRIANGULOS
10;CHAPEACAO;107;CHAPA LATERAL
10;CHAPEACAO;101;PARAF.VENTAROLA QUEB
10;CHAPEACAO;98;SILENCIOSO DO ESCAPAMENTO
10;CHAPEACAO;94;MANOPLA ALAVANCA DE CAMBIO
10;CHAPEACAO;93;ELEVADOR DO CADEIRANTE
10;CHAPEACAO;92;SUP EXTINTOR QUEB
10;CHAPEACAO;90;CADEIRA COBRADOR QUEB
10;CHAPEACAO;87;CAPO MOTOR SOLTO
10;CHAPEACAO;84;TRAVA CINTO SEGURANÇA QUEB
10;CHAPEACAO;75;FORRO TETO SOLTO
10;CHAPEACAO;64;PISTAO PORTA SOLTO
10;CHAPEACAO;63;REPARO DA CHAVE DAS PORTAS C/ DEFEITO
10;CHAPEACAO;59;MANGUEIRA PORTA DIANT FURADA
10;CHAPEACAO;58;PORTA TRAZEIRA C/ DEFEITO
10;CHAPEACAO;55;MANETE DA PORTA C/ DEFEITO
10;CHAPEACAO;53;REFORMA EXTERNA
10;CHAPEACAO;43;CAPAS DE POLTRONAS
10;CHAPEACAO;38;ESGUICHO DO LIMPADOR DE PARABRISA
10;CHAPEACAO;36;TRINCO TPA TRASEIRA
10;CHAPEACAO;33;NUMERACAO POLTRONA
10;CHAPEACAO;28;FAIXA REFLETIVA
10;CHAPEACAO;21;ENVELOPAMENTO
10;CHAPEACAO;10;PARACHOQUE DIANTEIRO
10;CHAPEACAO;5;PORTAS DE ACESSO
10;CHAPEACAO;3;BAGAGEIRO
9;REFRIGERACAO;47;PAINEL DIGITAL AR CONDICIONADO
9;REFRIGERACAO;46;SENSOR TEMPERATURA
9;REFRIGERACAO;45;REV RAMPA BASICA
9;REFRIGERACAO;44;CALEFACAO
9;REFRIGERACAO;43;SAIDA DE AR PORTA FOCO
9;REFRIGERACAO;38;HELICE CONDENSADOR
9;REFRIGERACAO;36;TELA AR CONDICIONADO SUJA
9;REFRIGERACAO;29;SERPENTINA CONDENSADOR AR COND.
9;REFRIGERACAO;26;MOTOR EVAP. GABINE MOTORISTA
9;REFRIGERACAO;25;REGULADOR DE VOLTAGEM
9;REFRIGERACAO;23;VALVULA DE SERVICO ALTA/BAIXA
9;REFRIGERACAO;20;...
9;REFRIGERACAO;17;ALTERNADOR AR CONDICIONADO
9;REFRIGERACAO;16;FLEXIVEL BAIXA VAZAMENTO
9;REFRIGERACAO;15;FLEXIVEL ALTA VAZAMENTO
9;REFRIGERACAO;14;UMIDADE NO SISTEMA
9;REFRIGERACAO;13;VALVULA ESPANCAO SUJA
9;REFRIGERACAO;12;AR CONDICIONADO NAO ESFRIA
9;REFRIGERACAO;4;FIO ROMPIDO OU DESCONECTADO
9;REFRIGERACAO;3;PRESSOSTATO AR CONDICIONADO
9;REFRIGERACAO;22;AR CONDICIONADO
9;REFRIGERACAO;34;GRADE AR CONDIONADO
9;REFRIGERACAO;31;DISPLAY AR CONDICIONADO
9;REFRIGERACAO;28;EMBREAGEM COMP AR CONDICIONADO
9;REFRIGERACAO;24;...
9;REFRIGERACAO;42;PROTECAO MOTOR GELADEIRA
9;REFRIGERACAO;40;FLEXIVEL COMP. AR CONDICIONADO
9;REFRIGERACAO;35;TERMOSTATO AR CONDICIONADO
9;REFRIGERACAO;6;PAINEL DE COMANDO QUEIMADO
9;REFRIGERACAO;5;FUZIVEL QUEIMADO
9;REFRIGERACAO;2;SENSOR ANT CONGELAMENTO
9;REFRIGERACAO;41;COMPRESSOR AR CONDICIONADO
9;REFRIGERACAO;39;...
9;REFRIGERACAO;37;CHICOTE COMP. AR CONDICIONADO
9;REFRIGERACAO;33;CORREIA E POLIAS
9;REFRIGERACAO;32;TAMPA AR CONDICIONADO SALAO
9;REFRIGERACAO;30;SERPENTINA EVAPORADOR AR COND.
9;REFRIGERACAO;27;SELO COMPRESSOR AR CONDICIONADO
9;REFRIGERACAO;21;GELADEIRA 
9;REFRIGERACAO;19;AR CONDICIONADO GABINE MOT.
9;REFRIGERACAO;18;CORREIA ALT. AR CONDICIONADO
9;REFRIGERACAO;11;...
9;REFRIGERACAO;10;...
9;REFRIGERACAO;9;MOTOR CONDENSADOR
9;REFRIGERACAO;8;MOTOR EVAPORADOR
9;REFRIGERACAO;7;DRENO AR CONDICIONADO
9;REFRIGERACAO;1;AUSENCIA DE GAS NO SISTEMA
7;ELETRICA;205;PRINCIPIO INCENDIO
7;ELETRICA;206;MARCADOR COMBUSTIVEL
7;ELETRICA;204;LUZ EMERGENCIA C/DEFEITO
7;ELETRICA;201;TOMADA USB MOTORISTA
7;ELETRICA;203;PISCA ALERTA C/DEFEITO
7;ELETRICA;202;SENSOR DE RÉ
7;ELETRICA;193;SENSOR PRESSAO COMBUSTIVEL
7;ELETRICA;192;PAINEL RPM
7;ELETRICA;191;PAINEL VELOCIMETRO 
7;ELETRICA;190;PAINEL INSTRUMENTO COMBINADO 
7;ELETRICA;189;FUSIVEL PRINCIPAL BATERIA 
7;ELETRICA;188;TERMINAL BATERIA 
7;ELETRICA;187;SENSORES, FIACAO E CHICOTES
7;ELETRICA;186;ILUMINACAO INTERNA
7;ELETRICA;185;SENSOR DESGASTE PASTILHA FREIO L/E
7;ELETRICA;184;SENSOR DESGASTE PASTILHA FREIO L/D
7;ELETRICA;183;ESTICADOR CORREIA 
7;ELETRICA;182;POLIA INTERMEDIARIA 
7;ELETRICA;181;CONECTORES DO VALIDADOR 
7;ELETRICA;180;COMUTADOR IGNICAO 
7;ELETRICA;178;TOMADAS USB
7;ELETRICA;198;SEM VALIDADOR (NĂO LIBERAR)
7;ELETRICA;195;VENTILADOR TETO
7;ELETRICA;194;LUZ FALHA EMISSAO GASES
7;ELETRICA;199;QR CODE NAO FUNC
7;ELETRICA;197;INTERNET
7;ELETRICA;179;POTENCIA MOTOR PERCA
7;ELETRICA;174;MODULO BAGAGEIRO
7;ELETRICA;171;QR CODE BASE SOLTO
7;ELETRICA;177;ILUMINAÇĂO EXTERNA
7;ELETRICA;200;REGENERACAO GASES 
7;ELETRICA;196;SENSOR PORTA PLATAFORNA
7;ELETRICA;176;CHICOTE SUSPENSAO
7;ELETRICA;173;VALVULA RESFRIAMENTO PISTAO MOTOR
7;ELETRICA;172;ILUMINACAO SALAO
7;ELETRICA;169;SUPORTE MONOTRIP
7;ELETRICA;163;SENSOR NIVEL SUSPENSAO
7;ELETRICA;159;SENSOR NEUTRO
7;ELETRICA;158;FAROL
7;ELETRICA;148;CONTROLE DO ELEVADOR
7;ELETRICA;165;ELEVADOR CADEIRANTE (ELETRICA)
7;ELETRICA;162;DIAGNOSTICO VCADS
7;ELETRICA;160;PAINEL PROBLEMA
7;ELETRICA;155;CAMERA PORTAS
7;ELETRICA;153;INSTALAÇĂO KIT USB
7;ELETRICA;152;TELEMETRIA
7;ELETRICA;151;MODULO MOTOR
7;ELETRICA;167;REV RAMPA BASICA
7;ELETRICA;168;PAINEL MULTIPLEX 24 TECLAS G7
7;ELETRICA;166;SISTEMA DE ARLA 
7;ELETRICA;157;CORTANDO ACELERACAO
7;ELETRICA;156;CABO USB - MONITRIP
7;ELETRICA;150;FALHA NO MONOTRIP
7;ELETRICA;147;KIT ACESSIBILIDADE
7;ELETRICA;154;ITINERARIO APAGADO
7;ELETRICA;170;INTERRUPTOR LUZ FAROL
7;ELETRICA;164;VALIDADOR
7;ELETRICA;145;LIMITADOR DE VELOCIDADE
7;ELETRICA;137;PARTIDA AUXILIAR
7;ELETRICA;134;SISTEMA ELETRICO
7;ELETRICA;144;MARCADOR DE PRESSĂO DE AR
7;ELETRICA;141;LUZ ABS
7;ELETRICA;140;LUZ SISTEMA INJECAO
7;ELETRICA;146;REVISAO ELETRICA
7;ELETRICA;143;SENSOR FREIO ABS
7;ELETRICA;138;COMPUTADOR DE BORDO
7;ELETRICA;136;MODULO PISCA
7;ELETRICA;139;LUZ TOALHETE
7;ELETRICA;161;LUZ DE PLACA
7;ELETRICA;149;SELETOR CAIXA MARCHA
7;ELETRICA;121;CAIXA CAMERA SOLTA
7;ELETRICA;120;PEDAL ACELERADOR SOLTO
7;ELETRICA;118;SENSOR TEMP MOTOR ACIONANDO
7;ELETRICA;113;VALIDADOR EM CONTIGENCIA
7;ELETRICA;105;VALIDADOR RENICIANDO
7;ELETRICA;103;LUZ FALHA GRAVE ACENDE CORTA ACELERACAO
7;ELETRICA;101;LANTERNA VIGIA QUEIMADA
7;ELETRICA;99;VALIDADOR TRAVADO
7;ELETRICA;79;FALHA SENSOR DE PRESSĂO DE AR
7;ELETRICA;77;FALHA SENSOR DE ROTAÇĂO
7;ELETRICA;73;MÓDULO CX MARCHA C/ DEFEITO
7;ELETRICA;68;SUPT ALTERNADOR QUEBRADO
7;ELETRICA;67;PARAFUSO ALTERNADOR
7;ELETRICA;65;CATRACA PASSAGEIRO TRAVANDO
7;ELETRICA;62;CONSOLE APAGADO
7;ELETRICA;56;VELOCIMETRO NAO FUNCIONA
7;ELETRICA;53;FAROL QUEBRADO
7;ELETRICA;52;SONORO DA TEMPERATURA ACIONANDO
7;ELETRICA;49;LUZ BAIXA NAO FUNCIONA
7;ELETRICA;44;RELE QUEIMADO
7;ELETRICA;41;FAROL DESRREGULADO
7;ELETRICA;33;LANTERNA TRASEIRA
7;ELETRICA;30;LUZ DO OLEO
7;ELETRICA;29;LUZ DA GABINE
7;ELETRICA;142;SENSOR PEDAL FREIO
7;ELETRICA;135;LUZES NAO ACENDEN
7;ELETRICA;131;LUZ DE RE QUEIMADAS
7;ELETRICA;129;XXX
7;ELETRICA;126;CHICOTE ELETRICO ITINERARIO
7;ELETRICA;124;LUZ IDENTIFICADOR POLTRONA
7;ELETRICA;123;ILUMINACAO POLTRONAS
7;ELETRICA;122;LUZ ESCADA
7;ELETRICA;119;MEIA LUZ QUEIMADA
7;ELETRICA;11;PANE ELETRICA
7;ELETRICA;115;FUZIVEIS NAO FUNCIONA
7;ELETRICA;114;DEFLETOR ANTICHAMAS
7;ELETRICA;110;BOTOEIRA VALIDADOR C/DEFEITO
7;ELETRICA;100;CATRACA PASSAG DANDO G/ SEM LIBERACAO
7;ELETRICA;98;CATRACA  PASSAG SOLTA
7;ELETRICA;97;CIGARRA NAO CONGELA
7;ELETRICA;89;CIGARRA NAO FUNCIONA
7;ELETRICA;88;FREIO RETARDO C/ PROBLEMA
7;ELETRICA;86;CORDA CIGARRA QUEBRADA
7;ELETRICA;69;CORREIA ALTERNADOR QUEB
7;ELETRICA;64;MOTOR DE PARTIDA
7;ELETRICA;51;INSTALACOES ELETRICAS
7;ELETRICA;27;MOTOR LIMPADOR DE PARABRISA
7;ELETRICA;25;LUZ DE PARADA SOLICITADA QUEIMADA
7;ELETRICA;9;XXX
7;ELETRICA;1;ALINHAMENTO DE FAROL
7;ELETRICA;106;VALIDADOR APAGANDO
7;ELETRICA;96;SUPORTE ALTERNADOR
7;ELETRICA;95;CIGARRA CONGELADA
7;ELETRICA;82;CONECTOR MÓDULO MOTOR C/ DEFEITO
7;ELETRICA;81;FALHA SENSOR DE ADMISSĂO
7;ELETRICA;80;FALHA SENSOR DE PASTILHA FREIO
7;ELETRICA;75;FALHA SENSOR PRESSĂO DE COMBUSTÍVEL
7;ELETRICA;71;MOTOR DO LIMPADOR C/ DEFEITO
7;ELETRICA;66;CATRACA DO PASSGEIRO TRAVADA
7;ELETRICA;63;BATERIA SEM CARGA
7;ELETRICA;61;CONSOLE SOLTO
7;ELETRICA;60;CABO TERMINAL BATERIA QUEB
7;ELETRICA;54;CORREIAS E POLIAS
7;ELETRICA;47;LUZ DE LEITURA
7;ELETRICA;42;PONTEIRO MARCARDOR PRESSAO DO OLEO
7;ELETRICA;38;CHICOTE ELETRICO DO MOTOR
7;ELETRICA;34;LUZ DO BANHEIRO
7;ELETRICA;36;LUZ DA BATERIA ACENDENDO
7;ELETRICA;31;FALHAS ATIVA
7;ELETRICA;22;LUZ DO STOP
7;ELETRICA;21;LUZ DE FREIO QUEIMADA
7;ELETRICA;23;PISCA  LATERAL NAO FUNCIONA
7;ELETRICA;15;MARCADOR TEMPERATURA NĂO FUNC
7;ELETRICA;7;CONTROLE CALFECAO
7;ELETRICA;6;CIGARRA DO COB NAO FUNCIONA
7;ELETRICA;4;BUZINA NAO FUNCIONA
7;ELETRICA;3;BATERIA
7;ELETRICA;133;REATOR QUEIMADO
7;ELETRICA;132;ACELERADOR ELETRONICO
7;ELETRICA;130;LANTERNAS LATERAIS
7;ELETRICA;128;LUZ PORTA DE EMBARQUE
7;ELETRICA;127;XXX
7;ELETRICA;125;LUZ GELADEIRA
7;ELETRICA;112;LANTERNA PISCA
7;ELETRICA;111;GPS SEM COMUNICAÇĂO/ OSCILANDO/3G DESCONECTADO
7;ELETRICA;117;LUZ OLEO MOTOR ACIONANDO
7;ELETRICA;107;XXX
7;ELETRICA;104;VALIDADOR APAGADO
7;ELETRICA;102;TERMINAL CABO ATERRAMENTO
7;ELETRICA;87;MARCADOR PRESSĂO ÓLEO NĂO FUNC
7;ELETRICA;85;MARCADOR COMBUSTÍVEL NĂO FUNC
7;ELETRICA;84;CURTO NA INSTALAÇĂO ELETRICA
7;ELETRICA;83;INTERRUPTOR DA CIGARRA C/ DEFEITO
7;ELETRICA;78;FALHA SENSOR DO PEDAL ACELERADOR
7;ELETRICA;76;FALHA SENSOR FREIO ABS
7;ELETRICA;72;LIMPADOR PARA-BRISA
7;ELETRICA;70;CORREIA ALTERNADOR FOLG
7;ELETRICA;57;CHICOTE DO TACOGRAFO
7;ELETRICA;43;COMANDO  DE SETA NAO FUNCIONA
7;ELETRICA;40;CONTA GIRO
7;ELETRICA;39;INTERRUPTOR DO TOALHETE
7;ELETRICA;35;FAROL DE MILHA
7;ELETRICA;32;LUZ DO BAGAGEIRO
7;ELETRICA;28;MOBITEC ITINERARIO APAGADO
7;ELETRICA;26;PAINEL MULTIPLEX
7;ELETRICA;17;NAO TEM PARTIDA
7;ELETRICA;16;MOTOR CALEFACAO NAO FUNCIONA
7;ELETRICA;116;VALIDADOR NAO ACEITA CARTAO
7;ELETRICA;109;LUZ DE FALHA LEVE ACENDENDO
7;ELETRICA;108;REGULAR SUSPENSAO (VCARD)
7;ELETRICA;94;FIO SENSOR TEMPERATURA
7;ELETRICA;93;CIGARRA SEM SONORO
7;ELETRICA;92;FIO POSITIVO QUEBRADO
7;ELETRICA;91;CIGARRA
7;ELETRICA;90;FIACAO PAINEL SOLTA
7;ELETRICA;74;SENSOR DA PORTA C/ PROBLEMA
7;ELETRICA;59;BORNES BATERIA
7;ELETRICA;58;VELOCIMETRO OCILANDO
7;ELETRICA;55;CALHA
7;ELETRICA;50;LUZ DA TEMPERATURA ACENDENDO
7;ELETRICA;48;LUZ ALTA NAO FUNCIONA
7;ELETRICA;46;ILUMINACAO ESCADA
7;ELETRICA;45;FAROL MAU CONTATO
7;ELETRICA;37;CHICOTE MOTOR LIMPADOR PARABRISA
7;ELETRICA;24;CHAVE GERAL EM CURTO
7;ELETRICA;20;PISCAS NAO FUNCIONA
7;ELETRICA;19;TACOGRAFO
7;ELETRICA;18;SETAS NAO FUNCIONAM
7;ELETRICA;14;LUZES SALĂO QUEIMADAS
7;ELETRICA;13;LUZES  PAINEL NAO ACENDEM
7;ELETRICA;12;ITINERARIO
7;ELETRICA;10;INDICADOR RESTRICAO FILTRO DE AR
7;ELETRICA;8;FAROL QUEIMADO
7;ELETRICA;5;CHAVE IGNICAO
7;ELETRICA;2;ALTERNADOR
6;ABASTECIMENTO;1;PANE SECA
5;TRANSMISSAO;79;KIT EMBREAGEM 
5;TRANSMISSAO;78;RESERVATORIO FLUIDO EMBREAGEM 
5;TRANSMISSAO;77;FLEXIVEL SERVO EMBREAGEM 
5;TRANSMISSAO;76;SUPORTE SERVO EMBREAGEM 
5;TRANSMISSAO;75;MOLA PEDAL EMBREAGEM 
5;TRANSMISSAO;74;PARAFUSO FLANGE DO CARDAN 
5;TRANSMISSAO;73;PARAFUSO DA CAIXA DE CAMBIO 
5;TRANSMISSAO;81;FLUIDO DE EMBREAGEM
5;TRANSMISSAO;80;SUPORTE ROLAMENTO DO CARDAN 
5;TRANSMISSAO;72;SUSPIRO DA CAIXA 
5;TRANSMISSAO;71;SUSPIRO DIFERENCIAL 
5;TRANSMISSAO;70;PINHAO DIFERENCIAL
5;TRANSMISSAO;69;MANGUEIRA CURVA CAIXA
5;TRANSMISSAO;68;MANGUEIRA CONICA CAIXA
5;TRANSMISSAO;67;PARAFUSO FLANGE CARDAN 
5;TRANSMISSAO;66;ALGEMA CRUZETA
5;TRANSMISSAO;65;SUSPIRO DA CAIXA 
5;TRANSMISSAO;64;CARDAN DA VENTUINA
5;TRANSMISSAO;63;PEDAL REGULAGEM VOLANTE 
5;TRANSMISSAO;82;VAZAMENTO DE ÓLEO NO DIFERENCIAL
5;TRANSMISSAO;59;VAZAMENTO OLEO NA CAIXA CAMBIO
5;TRANSMISSAO;62;REV RAMPA BASICA
5;TRANSMISSAO;58;SENSOR BLOQUEIO DO CAMBIO
5;TRANSMISSAO;60;RETENTOR PINHAO HIDRAMATICO DA CAIXA
5;TRANSMISSAO;61;MODULO CAIXA DE CAMBIO
5;TRANSMISSAO;57;SEM EMBREAGEM
5;TRANSMISSAO;51;ELETROVALVULA MARCHA RÉ
5;TRANSMISSAO;48;LUVA DIFERENCIAL
5;TRANSMISSAO;44;ROLAMENTO SUPT CARDAN
5;TRANSMISSAO;43;LUVA CARDAN
5;TRANSMISSAO;39;...
5;TRANSMISSAO;12;GARFO EMBREAGEM
5;TRANSMISSAO;10;CAIXA AUTOMATICA PATINANDO
5;TRANSMISSAO;8;ALAVANCA DE CAMBIO
5;TRANSMISSAO;55;RAPARO VALVULA PWM
5;TRANSMISSAO;49;...
5;TRANSMISSAO;30;SEMI EIXO
5;TRANSMISSAO;54;BUJAO DIFERENCIAL
5;TRANSMISSAO;52;...
5;TRANSMISSAO;50;...
5;TRANSMISSAO;40;PARAUSO SERVO EMBREAGEM
5;TRANSMISSAO;38;...
5;TRANSMISSAO;37;LUVA CAIXA MARCHA
5;TRANSMISSAO;36;TRAVA ALAVANCA CAMBIO
5;TRANSMISSAO;35;CAIXA CAMBIO SOLTA
5;TRANSMISSAO;34;...
5;TRANSMISSAO;27;PEDAL EMBREAGEM 
5;TRANSMISSAO;26;ESCAPANDO MACHA
5;TRANSMISSAO;24;VARAO ALAVANCA DE CAMBIO
5;TRANSMISSAO;22;PLATOR EMBREAGEM
5;TRANSMISSAO;20;...
5;TRANSMISSAO;19;CILINDRO MESTRE EMBREAGEM
5;TRANSMISSAO;18;CAIXA SATELITE
5;TRANSMISSAO;17;CARCACA DIFERENCIAL
5;TRANSMISSAO;16;SUPT PEDAL EMBREAGEM
5;TRANSMISSAO;15;CAPA SECA
5;TRANSMISSAO;14;SERVO EMBREAGEM
5;TRANSMISSAO;13;CRUZETA CARDAN
5;TRANSMISSAO;11;CAIXA SELETORA
5;TRANSMISSAO;9;...
5;TRANSMISSAO;7;SENSOR TEMP. EMBREAGEM
5;TRANSMISSAO;6;EMBREAGEM
5;TRANSMISSAO;5;DIFERENCIAL
5;TRANSMISSAO;29;NAO ENGATA MARCHA
5;TRANSMISSAO;28;ABUTUADEIRAS DE MARCHAS
5;TRANSMISSAO;25;EIXO TRASEIRO
5;TRANSMISSAO;23;DISCO DE EMBREAGEM PATINANDO
5;TRANSMISSAO;21;TRAMBULADOR CAIXA DE CAMBIO
5;TRANSMISSAO;56;SELETOR VELOCIDADE
5;TRANSMISSAO;53;EMBREAGEM SOQUEANDO
5;TRANSMISSAO;47;RETENTOR PIAO DIFERENCIAL
5;TRANSMISSAO;46;BRACADEIRA CARDAN
5;TRANSMISSAO;45;ROLAMENTO CARDAN
5;TRANSMISSAO;42;CRUZETA CARDAN
5;TRANSMISSAO;41;SUPT EMBREAGEM
5;TRANSMISSAO;33;TERMINAL ALAVANCA DE CAMBIO
5;TRANSMISSAO;32;TORRE CAIXA DE CAMBIO
5;TRANSMISSAO;31;CABO ALAVANCA DE CAMBIO
5;TRANSMISSAO;4;CILINDRO EMBREAGEM
5;TRANSMISSAO;3;CARDAN
5;TRANSMISSAO;2;CAIXA DE CAMBIO RONCANDO
5;TRANSMISSAO;1;CAIXA CAMBIO
4;SUSPENSAO;66;BRACADEIRAS MOLEJO 
4;SUSPENSAO;65;ALGEMA DO MOLEJO 
4;SUSPENSAO;64;PINO DE MOLA 
4;SUSPENSAO;63;MOLA TRASEIRA
4;SUSPENSAO;62;MOLA DIANTEIRA
4;SUSPENSAO;61;BUCHA ESTABILIZADOR DIANTEIRO 
4;SUSPENSAO;60;BUCHA ESTABILIZADOR TRASEIRO
4;SUSPENSAO;59;SUPORTE DE MOLA 
4;SUSPENSAO;58;MOLEJO 
4;SUSPENSAO;57;BUCHA AMORTECEDOR TRASEIRO
4;SUSPENSAO;56;BUCHA AMORTECEDOR DIANTEIRO 
4;SUSPENSAO;68;SUSPENCAO TRASEIRA
4;SUSPENSAO;67;SUSPENCAO DIANTEIRA
4;SUSPENSAO;55;CALIBRAR SUSPENSAO
4;SUSPENSAO;54;HASTE E TERMINAL SUSPENSAO 
4;SUSPENSAO;53;BUCHA TIRANTES 
4;SUSPENSAO;52;TIRANTE V
4;SUSPENSAO;51;BARRA REACAO TIRANTE SUPERIOR
4;SUSPENSAO;50;BARRA REACAO TIRANTE INFERIOR
4;SUSPENSAO;49;BATEDOR ASSENTO SUSPENSAO 
4;SUSPENSAO;48;BUCHA ESTABILIZADORES
4;SUSPENSAO;46;PRATO FOLE DE AR
4;SUSPENSAO;47;REV RAMPA BASICA
4;SUSPENSAO;45;REVISĂO MECÂNICA
4;SUSPENSAO;44;VARETA DE SUSPENCAO
4;SUSPENSAO;35;GRAMPO DE MOLA TRASEIRO
4;SUSPENSAO;29;PARAFUSO TIRANTE SUSPENSAO
4;SUSPENSAO;28;AMORTECEDORES TRASEIROS
4;SUSPENSAO;23;BRACO ESTABILIZADOR
4;SUSPENSAO;18;ASSENTO DE SUSPENSAO
4;SUSPENSAO;17;SUPORTE AMORTECEDOR
4;SUSPENSAO;16;...
4;SUSPENSAO;43;REBOQUE TORTO
4;SUSPENSAO;22;EMBUCHAMENTO MOLA SUSPENSAO
4;SUSPENSAO;19;...
4;SUSPENSAO;15;TIRANTES SUSPENSAO
4;SUSPENSAO;14;MOLAS SUSPESAO
4;SUSPENSAO;13;MOLAS ESPALHADAS
4;SUSPENSAO;40;...
4;SUSPENSAO;36;FOLE DE AR DIANTEIRO
4;SUSPENSAO;24;...
4;SUSPENSAO;33;PINO DE CENTRO TRASEIRO
4;SUSPENSAO;31;ALGEMA MOLA DE SUSPENSAO
4;SUSPENSAO;25;ESTABILIZADOR DIANTEIRO
4;SUSPENSAO;20;EIXO SUPT DA BALANCA
4;SUSPENSAO;8;VALVULA NIVELADORA
4;SUSPENSAO;7;SUSPENSAO
4;SUSPENSAO;6;FEIXE MOLA SUSPENSAO
4;SUSPENSAO;5;BATEDOR DA MOLA TRASEIRA
4;SUSPENSAO;3;BARULHO NA TRASEIRA
4;SUSPENSAO;2;BARULHO NA DIANTEIRA
4;SUSPENSAO;42;MOLEJO TRASEIRO
4;SUSPENSAO;41;MOLEJO DIANTEIRO
4;SUSPENSAO;27;AMORTECEDORES DIANTEIROS
4;SUSPENSAO;21;PARAFUSO AMORTECEDOR
4;SUSPENSAO;11;JUMELO TRASEIRO
4;SUSPENSAO;10;AMORTECEDOR TRUCK
4;SUSPENSAO;9;JUMELO DIANTEIRO
4;SUSPENSAO;39;...
4;SUSPENSAO;38;VARETA FOLE DE AR
4;SUSPENSAO;37;FOLE DE AR TRASEIRO
4;SUSPENSAO;34;GRAMPO DE MOLA DIANTEIRO
4;SUSPENSAO;32;PINO DE CENTRO DIANTEIRO
4;SUSPENSAO;30;PARAFUSO SUPT MOLA
4;SUSPENSAO;26;ESTABILIZADOR TRASEIRO
4;SUSPENSAO;12;SUSPENSAO DESNIVELADA
4;SUSPENSAO;4;FOLE DE AR 3ş EIXO
4;SUSPENSAO;1;BATEDOR DA MOLA DIANT
3;FREIO;85;REPARO CONEXAO VALVULA PNEUMATICA 16MM 
3;FREIO;84;REPARO FLEXIVEL / VALVULA PNEUMATICA 22MM
3;FREIO;62;ALOJAMENTO FREIO 
3;FREIO;86;CUBOS DIANTEIROS REVISĂO
3;FREIO;83;REPARO DAS CONEXOES 
3;FREIO;82;PARAFUSO E PORCA DE RODA
3;FREIO;81;FLEXIVEL CUICA DE FREIO TRASEIRA
3;FREIO;80;FLEXIVEL CUICA DE FREIO DIANTEIRA
3;FREIO;79;BORRACHA PEDAL DE FREIO 
3;FREIO;78;SUPORTE EIXO S L/E
3;FREIO;77;SUPORTE EIXO S L/D
3;FREIO;76;CUBO RODA TRASEIRO 
3;FREIO;75;CUBO RODA DIANTEIRO 
3;FREIO;74;LONA FREIO TRASEIRA 
3;FREIO;73;LONA FREIO DIANTEIRA
3;FREIO;72;VALVULA MANETE FREIO
3;FREIO;71;VALVULA 2 VIAS 
3;FREIO;70;VALVULA 6 VIAS 
3;FREIO;69;MANGUEIRAS E CONEXOES
3;FREIO;68;VALVULA CONSEPT
3;FREIO;67;VALVULA MODULADORA SUSPENSAO 
3;FREIO;66;VALVULA LIMITADORA PRESSAO 
3;FREIO;65;VALVULA MODULADORA FREIO 
3;FREIO;87;REVISĂO DE GARANTIA
3;FREIO;64;VALVULA FILTRO SECADOR 
3;FREIO;63;FLEXIVEM COMPRESSOR DE AR 
3;FREIO;59;PATIM DE FREIO
3;FREIO;61;REV RAMPA BASICA
3;FREIO;60;VALVULA A.P.U
3;FREIO;58;FREIOS SUPERAQUECENDO
3;FREIO;54;VALVULA 4 VIAS
3;FREIO;53;VALVULA 7 VIAS
3;FREIO;47;FILTRO SECADOR AR
3;FREIO;46;MANGUEIRA DE AR
3;FREIO;44;SUPT COMPRESSOR DE AR
3;FREIO;42;MANG.CUICA FREIO MAO FURADA
3;FREIO;33;VAZAMENTO CUBO DE RODA
3;FREIO;45;SERPENTINA COMPRESSOR DE AR
3;FREIO;29;REPARO DE PINCA
3;FREIO;21;BUJAO DE AR
3;FREIO;14;LONAS DE FREIO
3;FREIO;19;PARAFUSOS DE RODA
3;FREIO;13;VALVULA RELE
3;FREIO;56;VALVULA DRENO AUTOMATICA
3;FREIO;55;VALVULA ALIVIO RAPIDO
3;FREIO;52;SENSOR PRESSAO DO AR
3;FREIO;40;MANGUEIRA CUICA FREIO
3;FREIO;36;...
3;FREIO;31;PASTILHA DE FREIO
3;FREIO;24;RODAS DIANTEIRAS
3;FREIO;20;DISCO DE FREIO
3;FREIO;18;TANQUE EXPANSAO DE AR
3;FREIO;49;RODAS TRAVADAS
3;FREIO;32;SAPATA DE FREIO
3;FREIO;30;VALVULA DESUMIDIFICADORA
3;FREIO;26;RODAS 3ş EIXO
3;FREIO;25;RODAS TRASEIRAS
3;FREIO;23;CUBO DE RODA
3;FREIO;22;RELOGIO PRESSAO DE AR
3;FREIO;12;FLEXIVEL CUICA
3;FREIO;11;EIXO S
3;FREIO;10;CATRACA FREIO
3;FREIO;9;VALVULA PEDAL DE FREIO
3;FREIO;8;VAZAMENTO AR MANG/CONEXOES
3;FREIO;7;TAMBOR DE FREIO
3;FREIO;6;FREIO DESRREGULADO
3;FREIO;5;PEDAL DE FREIO
3;FREIO;3;FREIO PUXANDO PARA ESQUERDA
3;FREIO;1;COMPRESSOR DE AR
3;FREIO;51;...
3;FREIO;37;...
3;FREIO;35;FREIO NAO SEGURA
3;FREIO;34;VALVULA SENSORA
3;FREIO;28;RETENTOR DA RODA TRAS L/E
3;FREIO;17;RETENTOR DA RODA TRAS L/D
3;FREIO;16;PINO PATIM
3;FREIO;15;MOLA PATIM FREIO
3;FREIO;2;FREIO PUXANDO PARA DIREITA
3;FREIO;57;UNIDADE DE COMANDO EBS
3;FREIO;50;...
3;FREIO;48;VALVULA FREIO ABS
3;FREIO;43;PARAFUSO CUICA FREIO
3;FREIO;41;MANGUEIRA MANETE FREIO
3;FREIO;39;CUICAS FREIO TRASEIRA
3;FREIO;38;CUICAS FREIO DIANTEIRA
3;FREIO;27;FREIO RINGINDO
3;FREIO;4;FREIO ESTACIONARIO
2;MOTOR;178;PRINCIPIO INCENDIO
2;MOTOR;174;VAZMENTO ARLA
2;MOTOR;166;TUBO SAIDA COMPRESSOR AR 
2;MOTOR;154;MANGUEIRA RETORNO TURBINA 
2;MOTOR;153;MANGUEIRA RADIADOR D´AGUA 
2;MOTOR;152;MANGUEIRA RETORNO BICO 
2;MOTOR;151;HELICE RADIADOR 
2;MOTOR;150;MAGNETICO DA HELICE
2;MOTOR;149;VALVULA PRESSAO BOMBA 
2;MOTOR;148;ATUADOR DA BOMBA 
2;MOTOR;147;INTERCOOLER
2;MOTOR;146;TUBO COMMOIN RAIL
2;MOTOR;173;ALTO CONSUMO AGUA 
2;MOTOR;172;ESPAGUETE CORRUGADO ANTI CHAMA
2;MOTOR;171;CONEXAO AR RETA METAL 8MM 
2;MOTOR;170;CONEXAO AR RETA METAL 10MM 
2;MOTOR;169;CONEXAO AR RETA METAL 12MM 
2;MOTOR;168;CONEXAO AR RETA METAL
2;MOTOR;167;CONEXA AR CURVA METAL 1/8 
2;MOTOR;158;TAMPA RESEVATORIO ARLA
2;MOTOR;157;RESEVATORIO ARLA
2;MOTOR;130;COLETOR ADMISSAO
2;MOTOR;165;CONEXAO AR RETA METAL 5/8
2;MOTOR;164;TUBO PLASTICO 8MM 
2;MOTOR;163;TUBO PLASTICO 8MM
2;MOTOR;162;TUBO PLASTICO 3/8
2;MOTOR;161;TUBO PLASTICO 10MM
2;MOTOR;160;TUBO PLASTICO 12MM 
2;MOTOR;159;TUBO PLASTICO 5/8
2;MOTOR;156;PRESSAO COMBUSTIVEL
2;MOTOR;177;REVISĂO DE GARANTIA
2;MOTOR;176;VALVULA DE RESFRIAMENTO DO PISTAO
2;MOTOR;175;FILTRO PARTICULAS DE DIESEL REGENERAÇĂO
2;MOTOR;145;TAMPA VALVULA MOTOR 
2;MOTOR;144;RETENTOR VOLANTE MOTOR
2;MOTOR;143;ROLAMENTO POLIGONAL 
2;MOTOR;142;MANGUEIRA SUSPIRO TANQUE 
2;MOTOR;141;SUSPIRO MOTOR 
2;MOTOR;140;SISTEMA DE COMBUSTIVEL 
2;MOTOR;139;PESCADOR TANQUE DIESEL 
2;MOTOR;138;MANGUEIRA REPOSICAO OLEO MOTOR
2;MOTOR;137;FLEXIVEL LUBRIFICACAO COMPRESSOR
2;MOTOR;136;FLEXIVEL RESFRIAMENTO PISTAO
2;MOTOR;135;COXIM MOTOR DIANTEIRO 
2;MOTOR;134;COXIM MOTOR TRASEIRO 
2;MOTOR;133;CONEXAO T RESERVATORIO D´AGUA 
2;MOTOR;132;CARCACA VALVULA TERMOSTATICA
2;MOTOR;131;ANEIS DE VEDACAO DA BOMBA D´AGUA 
2;MOTOR;129;OLEO MOTOR
2;MOTOR;124;BOMBA HIDRAULICA VENTUINHA
2;MOTOR;122;ARREFECIMENTO
2;MOTOR;121;SERVICO DE TORNO
2;MOTOR;119;MOTOR FALHANDO
2;MOTOR;128;REV RAMPA BASICA
2;MOTOR;118;AGUA RADIADOR
2;MOTOR;126;REVISAO MECANICA
2;MOTOR;120;COLETAR OLEO MOTOR (URGENTE)
2;MOTOR;125;ENGRENAGEM BOMBA OLEO DIESEL
2;MOTOR;116;NIVEL OLEO MOTOR
2;MOTOR;117;COMPRESSOR DE AR
2;MOTOR;115;SISTEMA MECANICO
2;MOTOR;114;POLIAS E CORREIAS
2;MOTOR;127;INSPECAO MECANICA
2;MOTOR;123;RADIADOR DE AGUA
2;MOTOR;111;JUNTA COLETOR ESCAPE
2;MOTOR;106;VENTUINHA
2;MOTOR;103;ESTICADOR CORREIA
2;MOTOR;94;VARETA NIVEL OLEO MT
2;MOTOR;92;BRACADEIRA TANQUE
2;MOTOR;90;MANGUEIRA FILTRO COMBUSTIVEL
2;MOTOR;75;GAXETA DO MOTOR
2;MOTOR;70;ROLAMENTO VIRABREQUIM
2;MOTOR;58;JUNTA CABECOTE DO MOTOR
2;MOTOR;41;SELETOR MARCHA
2;MOTOR;40;CARTER MOTOR
2;MOTOR;32;MANGUEIRA RETORNO DIESEL
2;MOTOR;26;MODULO DO MOTOR
2;MOTOR;20;VALVULA TERMOSTATICA
2;MOTOR;110;CILINDRO PNEUMATICO AFAGADOR
2;MOTOR;108;JUNTA COLETOR ADMISSAO
2;MOTOR;107;TAMPA RESERVATORIO OLEO MOTOR
2;MOTOR;105;BARULHO MOTOR
2;MOTOR;104;POLIA ESTICADOR
2;MOTOR;102;FILTRO DA AGUA
2;MOTOR;96;FILTRO ARLA
2;MOTOR;93;ALTO CONSUMO OLEO MOTOR
2;MOTOR;91;DISTRIBUICAO MOTOR
2;MOTOR;89;MANGOTE TANQUE DIESEL
2;MOTOR;87;EXECESSO AGUA RADIADOR
2;MOTOR;62;MOTOR SEM FORCA
2;MOTOR;61;SUSPIRO TANQUE DIESEL
2;MOTOR;57;BRACADEIRA INTERCOOLER
2;MOTOR;56;BATENDO VALVULA
2;MOTOR;52;PEDAL ACELERADOR
2;MOTOR;43;CABECOTE DO MOTOR
2;MOTOR;39;CILINDRO PNEUMATICO FREIO MOTOR
2;MOTOR;37;FILTRO DE AR SATURADO
2;MOTOR;35;KITS DO MOTOR
2;MOTOR;33;MANGUEIRA INTERCOOLER
2;MOTOR;29;SUPT TANQUE DIESEL
2;MOTOR;28;RADIADOR INTERCOOLER
2;MOTOR;99;VAZAMENTO OLEO DIESEL
2;MOTOR;97;VAZAMENTO DE OLEO NO MOTOR
2;MOTOR;81;TAMPA RESERVATORIO DA AGUA
2;MOTOR;80;RESERVATORIO AGUA
2;MOTOR;78;VAZAMENTO BOMBA DA AGUA
2;MOTOR;72;PASSANDO AGUA P/ MOTOR
2;MOTOR;71;CORTE DE OLEO
2;MOTOR;69;JUNTA TAMPA VALVULA
2;MOTOR;68;BRACADEIRA MANGOTE ADMISSAO
2;MOTOR;67;PASSANDO DIESEL PARA OLEO
2;MOTOR;66;COXIM MOTOR
2;MOTOR;65;COMPRESSAO DO MOTOR
2;MOTOR;64;CARDAN VENTUINHA MOTOR
2;MOTOR;55;VAZAMENTO COMPRESSOR DE AR
2;MOTOR;54;TAMPA DO TANQUE DIESEL
2;MOTOR;53;RELOGIO MARCADOR TEMPERATURA MT
2;MOTOR;51;RESPIRO DO MOTOR
2;MOTOR;45;CORTANDO ACELERACAO
2;MOTOR;18;VIRABREQUIM
2;MOTOR;2;VAZAMENTO DE AGUA
2;MOTOR;113;ALTO CONSUMO OLEO DIESEL
2;MOTOR;112;JUNTA TURBINA MT
2;MOTOR;101;SENSOR PRESSAO CARTER
2;MOTOR;100;TAMPA RADIADOR DA AGUA
2;MOTOR;98;DEFEITO NAO ENCONTRADO
2;MOTOR;95;EXCESSO OLEO MOTOR
2;MOTOR;88;SUPT FILTROS DE COMBUSTIVEL
2;MOTOR;86;CANO BICO INJETOR
2;MOTOR;85;BOMBA OLEO MOTOR
2;MOTOR;82;SUPT RESERVATORIO AGUA
2;MOTOR;79;SUPT RADIADOR DA AGUA
2;MOTOR;77;MANGOTE RADIADOR
2;MOTOR;50;ANEL BUJAO CARTER
2;MOTOR;47;FREIO VEB
2;MOTOR;46;CONSUMO EXCESIVO DE AGUA
2;MOTOR;36;FILTROS COMBUSTIVEL SATURADO
2;MOTOR;34;MANGUEIRA RESERVATORIO DA AGUA
2;MOTOR;27;SISTEMA DE ARLA
2;MOTOR;25;RESERVATORIO OLEO MOTOR
2;MOTOR;24;SERPENTINA COMPRESSOR DE AR
2;MOTOR;23;SISTEMA DE ALIMENTACAO DE AR
2;MOTOR;22;TANQUE DIESEL
2;MOTOR;21;VALVULA MOTOR
2;MOTOR;17;BOMBA INJETORA
2;MOTOR;16;BOMBA COMBUSTIVEL
2;MOTOR;15;BICO INJETOR
2;MOTOR;14;BALANCIM MOTOR
2;MOTOR;1;VAZAMENTO DE OLEO LUBRIFICANTE
2;MOTOR;109;TAMPA DISTRIBUICAO MOTOR
2;MOTOR;84;MAGUEIRA D'AGUA CX DE CAMBIO
2;MOTOR;83;RADIADOR DE AGUA FURADO
2;MOTOR;76;CANO LUBRIFICAO TURBINA
2;MOTOR;74;BRACADEIRA TURBINA
2;MOTOR;73;COLETOR TURBINA
2;MOTOR;63;MOTOR FUNDIDO
2;MOTOR;60;PARAFUSO CARTER MOTOR
2;MOTOR;59;MANGOTE MOTOR
2;MOTOR;49;COLETOR ESCAPAMENTO
2;MOTOR;48;RADIADOR DE OLEO
2;MOTOR;44;BOMBA DA AGUA
2;MOTOR;42;CANO DA AGUA
2;MOTOR;31;MANGUEIRA TURBINA
2;MOTOR;19;PANE SECA
2;MOTOR;13;TURBINA
2;MOTOR;12;PRESSAO DO OLEO
2;MOTOR;11;POSICIONADOR DE ROTACAO
2;MOTOR;10;MOTOR
2;MOTOR;9;MOTOR AQUECENDO
2;MOTOR;8;FREIO MOTOR
2;MOTOR;7;EXCESSO DE FUMACA
2;MOTOR;6;ESTRANGULADOR MT
2;MOTOR;5;CUBO DA VENTUINHA
2;MOTOR;4;CORREIAS E POLIAS
2;MOTOR;3;CONSUMO OLEO LUBRIFICANTE
1122;;;
 ;;;
Página 1/1;;;
